模型,runtime_success,format_ok,valid_parse,strict_em,strict_tm,relaxed_em,relaxed_tm,relaxed_gap_tm,truncation_without_answer_rate,avg_latency_ms,tok_per_sec,peak_vram,mean_output_tokens
Qwen2.5-7B-Instruct,1.0,0.997735,0.98188,0.225368,0.359003,0.225368,0.360136,0.001133,0.0,3369.95,2.4163,15232224512,8.14
Mistral-7B-Instruct-v0.3,1.0,0.998867,0.778029,0.093998,0.166478,0.105323,0.19479,0.028313,0.0,4628.89,2.7585,14496533760,12.77
Yi-1.5-6B-Chat,1.0,0.898075,0.742922,0.05436,0.09966,0.083805,0.152888,0.053228,0.005663,4341.07,4.2706,12123144960,18.54
Orca-2-7B,1.0,0.95017,0.838052,0.03624,0.065685,0.044168,0.080408,0.014723,0.026048,5180.55,4.6251,13477529088,23.96
ChatGLM3-6B,1.0,0.380521,0.253681,0.007928,0.014723,0.019253,0.02718,0.012458,0.600227,21112.13,7.5357,14306105856,159.09
