model_label,strict_tm,strict_em,relaxed_tm,relaxed_em,relaxed_gap_tm
Qwen2.5-7B-Instruct,0.359003,0.225368,0.360136,0.225368,0.001133
Mistral-7B-Instruct-v0.3,0.166478,0.093998,0.19479,0.105323,0.028313
Yi-1.5-6B-Chat,0.09966,0.05436,0.152888,0.083805,0.053228
Orca-2-7B,0.065685,0.03624,0.080408,0.044168,0.014723
ChatGLM3-6B,0.014723,0.007928,0.02718,0.019253,0.012458
