model,n_total,strict_pass_count,strict_fail_count,missing_answer_line_count,empty_answer_line_count,invalid_numeric_literal_count,multiple_answer_lines_count,truncated_without_answer_count,strict_fail_but_relaxed_hit_count,strict_fail_and_relaxed_fail_count,strict_pass_rate,strict_fail_rate,missing_answer_line_rate,empty_answer_line_rate,invalid_numeric_literal_rate,multiple_answer_lines_rate,truncated_without_answer_rate,strict_fail_but_relaxed_hit_rate,strict_fail_and_relaxed_fail_rate
ChatGLM3-6B,883,13,870,17,0,112,0,530,11,859,0.014722536806342015,0.9852774631936579,0.01925254813137033,0.0,0.12684031710079274,0.0,0.6002265005662514,0.01245753114382786,0.9728199320498301
Mistral-7B-Instruct-v0.3,883,147,736,1,0,195,0,0,25,711,0.1664779161947905,0.8335220838052095,0.0011325028312570782,0.0,0.22083805209513024,0.0,0.0,0.028312570781426953,0.8052095130237825
Orca-2-7B,883,58,825,21,0,99,0,23,13,812,0.06568516421291053,0.9343148357870895,0.02378255945639864,0.0,0.11211778029445074,0.0,0.026047565118912798,0.014722536806342015,0.9195922989807475
Qwen2.5-7B-Instruct,883,317,566,2,0,14,0,0,1,565,0.35900339750849375,0.6409966024915063,0.0022650056625141564,0.0,0.015855039637599093,0.0,0.0,0.0011325028312570782,0.6398640996602492
Yi-1.5-6B-Chat,883,88,795,85,0,137,0,5,47,748,0.09966024915062288,0.9003397508493771,0.09626274065685164,0.0,0.1551528878822197,0.0,0.0056625141562853904,0.053227633069082674,0.8471121177802945
